{
  "threshold": 1.5642576217651367,
  "percentile": 95,
  "n_normal_val": 2000,
  "mean_normal_error": 0.6884738206863403,
  "std_normal_error": 0.45255225896835327
}