{
  "threshold": 2.408013343811035,
  "percentile": 95,
  "n_normal_val": 2000,
  "mean_normal_error": 1.3429968357086182,
  "std_normal_error": 0.6210362911224365
}