{
  "confidence_threshold": 0.9618371356171772,
  "n_leaves": 767,
  "mean_leaf_purity": 0.799641858583092,
  "min_leaf_purity": 0.2723012332551616,
  "max_leaf_purity": 1.0,
  "best_depth": 15,
  "f1_test": 0.7888164409344215,
  "fpr_test": 0.04748696110796398,
  "bram_kb": 11.23291015625,
  "timestamp": "2026-03-28T11:42:35.350960"
}