depth,f1_val,fpr,bram_kb,n_nodes,n_leaves
6,0.9710351745399948,0.16666666666666666,0.45166015625,61,31
8,0.9733477859615686,0.13333333333333333,0.65673828125,89,45
10,0.9751901576935875,0.08333333333333333,0.77392578125,105,53
12,0.9758706023483066,0.08333333333333333,0.94970703125,129,65
15,0.9811338857116197,0.058333333333333334,1.18408203125,161,81
